-- MySQL dump 10.13  Distrib 8.0.37, for Win64 (x86_64)
--
-- Host: localhost    Database: asf
-- ------------------------------------------------------
-- Server version	8.0.37

/*!40101 SET @OLD_CHARACTER_SET_CLIENT=@@CHARACTER_SET_CLIENT */;
/*!40101 SET @OLD_CHARACTER_SET_RESULTS=@@CHARACTER_SET_RESULTS */;
/*!40101 SET @OLD_COLLATION_CONNECTION=@@COLLATION_CONNECTION */;
/*!50503 SET NAMES utf8mb4 */;
/*!40103 SET @OLD_TIME_ZONE=@@TIME_ZONE */;
/*!40103 SET TIME_ZONE='+00:00' */;
/*!40014 SET @OLD_UNIQUE_CHECKS=@@UNIQUE_CHECKS, UNIQUE_CHECKS=0 */;
/*!40014 SET @OLD_FOREIGN_KEY_CHECKS=@@FOREIGN_KEY_CHECKS, FOREIGN_KEY_CHECKS=0 */;
/*!40101 SET @OLD_SQL_MODE=@@SQL_MODE, SQL_MODE='NO_AUTO_VALUE_ON_ZERO' */;
/*!40111 SET @OLD_SQL_NOTES=@@SQL_NOTES, SQL_NOTES=0 */;

--
-- Table structure for table `courses`
--

DROP TABLE IF EXISTS `courses`;
/*!40101 SET @saved_cs_client     = @@character_set_client */;
/*!50503 SET character_set_client = utf8mb4 */;
CREATE TABLE `courses` (
  `id` int NOT NULL AUTO_INCREMENT,
  `course` varchar(50) DEFAULT NULL,
  PRIMARY KEY (`id`)
) ENGINE=InnoDB AUTO_INCREMENT=9 DEFAULT CHARSET=utf8mb4 COLLATE=utf8mb4_0900_ai_ci;
/*!40101 SET character_set_client = @saved_cs_client */;

--
-- Dumping data for table `courses`
--

LOCK TABLES `courses` WRITE;
/*!40000 ALTER TABLE `courses` DISABLE KEYS */;
INSERT INTO `courses` VALUES (1,'HTML/CSS'),(2,'Python'),(3,'Javascript'),(4,'AngularJS'),(5,'MySQL'),(6,'Flask'),(7,'Django'),(8,'NodeJS');
/*!40000 ALTER TABLE `courses` ENABLE KEYS */;
UNLOCK TABLES;

--
-- Table structure for table `django`
--

DROP TABLE IF EXISTS `django`;
/*!40101 SET @saved_cs_client     = @@character_set_client */;
/*!50503 SET character_set_client = utf8mb4 */;
CREATE TABLE `django` (
  `Id` int NOT NULL AUTO_INCREMENT,
  `course_id` int DEFAULT '7',
  `courseName` varchar(10) DEFAULT 'Django',
  `question` varchar(255) DEFAULT NULL,
  `option1` varchar(55) DEFAULT NULL,
  `option2` varchar(55) DEFAULT NULL,
  `option3` varchar(55) DEFAULT NULL,
  `option4` varchar(55) DEFAULT NULL,
  `Right_ans` varchar(55) DEFAULT NULL,
  PRIMARY KEY (`Id`)
) ENGINE=InnoDB AUTO_INCREMENT=608 DEFAULT CHARSET=utf8mb4 COLLATE=utf8mb4_0900_ai_ci;
/*!40101 SET character_set_client = @saved_cs_client */;

--
-- Dumping data for table `django`
--

LOCK TABLES `django` WRITE;
/*!40000 ALTER TABLE `django` DISABLE KEYS */;
INSERT INTO `django` VALUES (568,7,'Django','Django is a Python-based ____.','web framework','video creating tool','analysis tool','desktop development platform','option1'),(569,7,'Django','Django is maintained by which organization/company?','Oracle','Microsoft Corporation','Python Software Foundation','Django Software Foundation','option4'),(570,7,'Django','What does MTV stand for in Django?','model–template–views','make–test–views','model–template–verifyl','mobile–template–verification','option1'),(571,7,'Django','Who is/are the original author(s) of Django?','Pearu Peterson, Robert Kern, and Travis Oliphant','Adrian Holovaty and Simon Willison','Adrian Hallet and Simon Willison','Larry Ellison, Bob Miner, and Ed Oates','option2'),(572,7,'Django','Which command is used to create the first project in Django?','django-admin startproject project_name','django-admin startapp project_name','django-admin create project_name','django-admin createproject project_name','option1'),(573,7,'Django','By default, Django configuration uses which database?','MySQL','SQLitel','Oracle','None of the above','option2'),(574,7,'Django','Which command is used to create an app in Django?','py admin.py startapp-c app_name','py manage.py startapp app_name','py manage.py djangoapp app_name','py manage.py createapp app_name','option2'),(575,7,'Django','Which is the correct command to start the Django development server on your system?','py manage.py localhost','py manage.py runatserver','py manage.py createserver','py manage.py runserver','option4'),(576,7,'Django','Which file is not a part of the Django project content?','settings.py','manage.py','templates.py','py manage.py runserver','option3'),(577,7,'Django','Django is written in which language?','C++','Python','AnhularJs','Asp.Net','option2'),(578,7,'Django','Which Django functions are used to take http requests and return http responses?.','Django views','Django request() and response()','Django templates','Both A and B','option1'),(579,7,'Django','In Django, data is created in ____.','tables','views','templates','objects','option4'),(580,7,'Django','In Django, data is created in objects, what are these objects called ____.','models','views','templates','database','option1'),(581,7,'Django','Which is the correct statement to import models in the Django project?','from django import models','from django.models import models','from django.db import models','None of the above','option3'),(582,7,'Django','Which is the correct statement to run migrate command in Django?.','run manage.py migrate','py migrate','py manage.py pymigrate','py manage.py migrate','option1'),(583,7,'Django','Which command is used to create a Python shell?','run shell','py manage.py shell','run py manage.py shell','py manage.py djangoshell','option2'),(584,7,'Django','What is the correct syntax to use a variable in the Django template?','{{ variable_name }}','< variable_name >','<< variable_name >>','\" variable_name \"','option1'),(585,7,'Django','Which Django file contains all the configuration of your Django installation?','main.py','setting.py','djangosetting.py','settings.py','option2'),(586,7,'Django','How you can turn off the debugging in Django\'s configuration file?','DEBUG = false','DEBUG = FALSE','DEBUG = False','DEBUGOFF = True','Option3'),(587,7,'Django','Which template tag is used to create variables directly in the Django template?','{% with %}','<% with %>','<< with >>','{{ with }}','Option1'),(588,7,'Django','Which Django template tag is used to return the first not empty variable?','empty','firstempty','firstemptyvar','firstof','Option4'),(589,7,'Django','How many parameters do render() function take in Django?','1','2','3','4','Option3'),(590,7,'Django','Which is the correct import statement to use the render() function in Django?','from django.shortcuts import render','from django import render','from django.requests import render','from httpresponses import render','Option1'),(591,7,'Django','Which Django tag is used to write comments?','{% startcomment %} ... {% endcomment %}','{% comment %} ... {% endcomment %}','{% initcomment %} ... {% endcomment %}','{% start %} ... {% end %}','Option2'),(592,7,'Django','Except Django comment tag, what can be used to write smaller comments?','# ..','/* … *','{{# ... #}}','{# ... #}','Option4'),(593,7,'Django','Which is the correct syntax to write comments in Django views?','# ...','/* … *','{{# ... #}}','{# ... #}','Option1'),(594,7,'Django','Django is a Python-based ____.','web framework','video creating tool','analysis tool','desktop development platform','Option1'),(595,7,'Django','Which Django tag is used to include a template inside the current template?','allow','insert','import','include','Option4'),(596,7,'Django','Which Django keyword is used to send variables into the template?','send','go','export','with','Option4'),(597,7,'Django','In Django QuertSet, which method is used to get all the records and fields of a given model?','get()','all()','getall()','bunch()','Option2'),(598,7,'Django','In Django QuertSet, which method is used to get each object as a Python dictionary, with the names and values as key/value pairs?.','values()','dictionary()','getvalues()','None of the above','Option1'),(599,7,'Django','In Django QuertSet, which method is used to get the specified column?','column_values()','columnvalues()','values_list()','column_list()','Option3'),(600,7,'Django','In Django QuertSet, which method is used to filter your search?','filter()','search()','filter_all()','filter_values()','Option1'),(601,7,'Django','n Django QuertSet, how to add two search queries?','By using the AND keyword','By using the OR keyword','By using the + symbol','By using the comma separator','Option4'),(602,7,'Django','Which method is used to sort a Django QuerySet?','sort()','sort_by()','order_by()','order()','Option3'),(603,7,'Django','Which Django tag is used to insert the current date and time?','date','now','datetime','currentdatetime','Option2'),(604,7,'Django','What is Django used for?','Machine learning','Game development','Web development','Data analysis','Option3'),(605,7,'Django','What is Django in python?','A framework','A library','A function','A script','Option1'),(606,7,'Django','What is the base principle of MVT in Django?','Model, Template, View','Model, View, Template','Template, Model, View','Template, View, Model','Option2'),(607,7,'Django',' How does Django handle URL routing?','By using functions','By using a fixed path','By using classesl','By using regular expressions','Option4');
/*!40000 ALTER TABLE `django` ENABLE KEYS */;
UNLOCK TABLES;

--
-- Table structure for table `exam_questions`
--

DROP TABLE IF EXISTS `exam_questions`;
/*!40101 SET @saved_cs_client     = @@character_set_client */;
/*!50503 SET character_set_client = utf8mb4 */;
CREATE TABLE `exam_questions` (
  `id` int NOT NULL AUTO_INCREMENT,
  `course_id` int DEFAULT '8',
  `question_text` text NOT NULL,
  `option1` text NOT NULL,
  `option2` text NOT NULL,
  `option3` text NOT NULL,
  `option4` text NOT NULL,
  `courseName` text NOT NULL,
  `CorrectAnswer` varchar(10) DEFAULT NULL,
  PRIMARY KEY (`id`),
  KEY `course_id` (`course_id`),
  CONSTRAINT `exam_questions_ibfk_1` FOREIGN KEY (`course_id`) REFERENCES `courses` (`id`)
) ENGINE=InnoDB AUTO_INCREMENT=648 DEFAULT CHARSET=utf8mb4 COLLATE=utf8mb4_0900_ai_ci;
/*!40101 SET character_set_client = @saved_cs_client */;

--
-- Dumping data for table `exam_questions`
--

LOCK TABLES `exam_questions` WRITE;
/*!40000 ALTER TABLE `exam_questions` DISABLE KEYS */;
INSERT INTO `exam_questions` VALUES (1,8,'Node.js is written in','Javascript','C++','Python','.net','Nodejs','Option1'),(2,8,'How modules in Node.js can be connected from one component to another ?','Expose','Module','Exports','All of the above','Nodejs','Option3'),(3,8,'Which of the below modules is not a built-in module in Node.js ? ','zlib','fsread','dgram','HTTPS','Nodejs','Option2'),(4,8,'Which of the below command will show all the modules installed locally ?','npm ls -g','node ls -g','node ls','npm ls','Nodejs','Option4'),(5,8,'Which of the below fs module is used to truncate a file ?','fs.delete(fd, len, callback)','fs.remove(fd, len, callback)','fs.ftruncate(fd, len, callback)','None of the above.','Nodejs','Option3'),(6,8,'Which template engines can be used with Node.js ?','jade','Vash','Handlebars','All the Above','Nodejs','Option4'),(7,8,'How do we return a path string from the given path object in Node.js ?','path.get()','path.set()','path.format()','path.return()','Nodejs','Option3'),(8,8,'What is the default scope in the Node.js application ?','Global','Local','Global Function','Local to object','Nodejs','Option1'),(9,8,'Which of the below method is used to return the current working directory of the process ?','cwd();','cmd();','pwd();','None of the above','Nodejs','Option4'),(10,8,'Which below method is used to check whether the given path is an absolute path or not in Node.js ?','path.Query()','path.render()','path.isAbsolute()','path.Absolute()','Nodejs','Option3'),(11,8,'Which of the below is the correct syntax for installing the Nodemon in the Node.js application ?','npm install -g nodemon','node install -g nodemon','node install node','node install -l nodemon','Nodejs','Option1'),(12,8,'Which type of application does not prefer the backend as node.js','Single Page','JSON API\'s based','CPU intensive','Data-Intensive','Nodejs','Option3'),(13,8,'Which of the below options is correct about package.json in the node.js application?','It is present in the root directory','It is used to define the properties of a package.','It is used to update the dependencies.','All the above ','Nodejs','Option4'),(14,8,'What npm stands for?','Node Package Manager','Node Project Manager','New Project Manager','New Package Manager','Nodejs','Option1'),(15,8,'What npm stands for?','testing node.js/JavaScript expressions','executing browser’s JavaScript expressions  ','the preview of node.js application.','None of the above','Nodejs','Option4'),(16,8,'How to test if two nodes are equal?','isEqualNode()','equal()','==','None of the above','Nodejs','Option1'),(17,8,'Which module is used to serve static resources in Node.js?','node-static','http','node-resource','static','Nodejs','Option1'),(18,8,'Node.js runs on ___________','Client','Server','Both, server and client','None of the above','Nodejs','Option2'),(19,8,'Node.js supports which of the following platform?','Windows','Macintosh','Unix/Linux','All of the above','Nodejs','Option4'),(20,8,'The Node.js modules can be exposed using _________.','module.expose','module','Module.exports','All of the above','Nodejs','Option3'),(21,8,'Third-party packages can be install/update/delete using ________.','Node Package Manager','Node.exe','module.exports','REPL','Nodejs','Option1'),(22,8,' Node.js application runs on __________.','Multiple thread','Single thread','Multi Processes','Single Process','Nodejs','Option2'),(23,8,'Which of the following core module is used to create a web server in Node.js?','fs','url','connect','http','Nodejs','Option4'),(24,8,'Simple or complex functionality organized in a single or multiple JavaScript files which can be reused throughout your Node.js application is called ________.','Module','Library','package','function','Nodejs','Option1'),(25,8,'Which of the followings are web application frameworks for Node.js?','Express.js','Geddy','Locomotive','All of the above','Nodejs','Option4'),(26,8,'Which of the following types of application can be built using Node.js?','Web Application','Chat Application','RESTful Service','All of the above','Nodejs','Option4'),(27,8,'Which module is used to serve static resources in Node.js?','node-static','http','node-resource','express.static','Nodejs','Option1'),(28,8,'Node.js application can access which of the following databases?','NoSQL database','Relational Database','All of the above','None of the above','Nodejs','Option1'),(29,8,'Node.js is ________ by default.','Synchronous','Multi-threaded','Asynchronous','None of the above','Nodejs','Option3'),(30,8,'To install Node.js express module','$ npm install express','$ node install express','$ install express','None of the above','Nodejs','Option1'),(31,8,'What are the key features of Node.js?','Real time Data intensive','Highly scalable servers for Web Applications','Builds fast and scalable network Applications','All of the above','Nodejs','Option4'),(32,8,'Which of the following is/are  global object in node?','Console','Exports','__filename()','All of the above','Nodejs','Option4'),(33,8,'nodejs is a runtime environment for which of the following languages?','Java','Javacript','Typescript','Both A & B','Nodejs','Option2'),(34,8,'Syntax for  printing the endianness of the operating system using nodejs?','console.log(\'endianness : \' + os.getEndianness());','console.log(\'endianness : \' + os.endianness);','console.log(\'endianness : \' + os.endianness());','None of the above.','Nodejs','Option3'),(35,8,'Syntax for creating a web server ?','http.createServer(callback)','http.createWebServer(callback)','http.createHTTPServer(callback)','None of the above.','Nodejs','Option2'),(36,8,'Syntax for converting a buffer buf to JSON object?','buf.json()','buf.convertToJson()','buf.toJSON() ','buf.jsonify()','Nodejs','Option3'),(37,8,'What is the full form of REPL?','Read eval print loop','Read execute print loop','Read exit print loop','None of the above.','Nodejs','Option1'),(38,8,'How to get the current directory in node?','___dirname','__dirname','dirname()','filename()','Nodejs','Option2'),(39,8,'In the filesystem r+ is used for ?','Reading and executing the file','Read as superuser/administrator','Open the file for reading and writing','Can use it to read, write and delete','Nodejs','Option4'),(40,8,'How to get a file name in nodejs?','fileName()','__filename','_filename()','All of the above','Nodejs','Option2'),(127,4,'____________ is the collection of hues.','Shades','Colour Intention','Pallete','CSS','AngularJS','Option3'),(128,4,'Which of the following values are used by Layout?','Row','Height','Column','Width','AngularJS','Option4'),(129,4,'We use _________ directive to inform which part of the HTML, will be controlled by AngularJS.','ng-controller','ng-app','ng-init','ng-model','AngularJS','Option1'),(130,4,'Which of the following inputs are used for two-way data binding?','Text, textarea and select','Label, legend and fieldset','Datalist, output and option','All of these','AngularJS','Option4'),(131,4,'_______ is the glue between application controlls and view','Scope','Data','Model','$array','AngularJS','Option1'),(132,4,'In AngularJS,__________ are containers used to hold other parts of an application.','Models','Modules','Controllers','Directives','AngularJS','Option2'),(133,4,'AngularJS application depend on _________ to controll the flow of data in the application.','Models','Modules','Controllers','Directives','AngularJS','Option3'),(134,4,'Which component of AngularJS helps to extend HTML elements?','Directives','Service','Routes','Filters','AngularJS','Option1'),(135,4,'Which directive is used for initializing AngularJS application data in HTML?','ng-start','ng-init','ng-show','ng-begin','AngularJS','Option2'),(136,4,'Which directive is used for binding the value obtained from the user from HTML inputs to application data?','ng-src','ng-app','ng-controller','ng-model','AngularJS','Option4'),(137,4,'Filters are added to expressions by using which character?','Colon :','Semicolon ;','Pipe |','Hyphen -','AngularJS','Option3'),(138,4,'The _________ module routes our application to different pages without reloading the entire application.','ngRoute','ngGo','ngPath','ngForm','AngularJS','Option1'),(139,4,'Which type of case do we use for naming a custom directive?','Pascal case','Upper case','Sentence case','Camel case','AngularJS','Option4'),(140,4,'What are the allowed values for \'restrict\' property, while we define a custom directive?','E, A, C, M','A, B, C, D','W, X, Y, Z','F, R, O, G','AngularJS','Option1'),(141,4,'What are the default values if we do not give any value to retrict?','FG','AB','EA','WX','AngularJS','Option3'),(142,4,'______ is the bond between the application controller and the view.','Scope','Model','Connect','Route','AngularJS','Option1'),(143,4,'Which symbol is used to prefix a built-in service?','#','$','|','%','AngularJS','Option2'),(144,4,'What types of validation do we perform in the Web Browser?','Back-up defense','Final defense','First-line-of-defense','Comprehensive defense','AngularJS','Option3'),(145,4,'AngularJS continously monitors the state of the form and input fields and gives state to each of them, such as ____________ __________ ___________ and ___________.','Pristine, dirty, valid and invalid','Virgin, unclean, clean and passed','Pure Partial, dirty, rejected','Incomplete, semi complete, complete and sent','AngularJS','Option1'),(146,4,'A form is a collection of related individual ________ grouped together.','Variables','Items','Controls','Values','AngularJS','Option3'),(147,4,'Which library do we include to implement animation in AngularJS?','angular-animate.js','angular-transform.js','angular-translate.js','angular-vibrate.js','AngularJS','Option1'),(148,4,'Which dependency do we need to inject for making animations?','ngRoute','ngTransform','ngMotion','ngAnimate','AngularJS','Option4'),(149,4,'Which of the following HTTP request components indicates an HTTP method?','URI','Verb','HTTP version','Header','AngularJS','Option2'),(150,4,'Which of the following protocols is used by a RESTful Web application?','SOAP','FTP','HTTP','RPC','AngularJS','Option3'),(151,4,'Which of the following status codes indicates successfull creattion of a resource?','200','200','304','204','AngularJS','Option4'),(152,4,'The config object returns the __________ object.','HTTP Response','$http','$resource','Promise','AngularJS','Option2'),(153,4,'The __________ service logs the exception into the browser\'s console logs errors.','$log.error','try and catch','$exceptionHandler','$exception','AngularJS','Option3'),(154,4,'Which of the following components can be injected as a dependency in AngularJS?','Module','Integer','Controls','SOAP','AngularJS','Option1'),(155,4,'Which of the following methods does a provider internally invoke?','POST','GET','PUT','CREATE','AngularJS','Option2'),(156,4,'Which of the following components does the config() function not accept as a parameter?','Constant','Service','Provider','None of these','AngularJS','Option4'),(157,4,'A service uses the _________ keyword to define properties.','then','new','this','when','AngularJS','Option3'),(158,4,'Which of the following is a limitation of an SPA?','no working offline','Full page reloading','Reducted speed of initial load','Not so responsive initially','AngularJS','Option1'),(159,4,'In earlier versions of Angular,__________ was the default compiler.','Jquery compiler','JavaScipt compiler','View Engine','Ivy','AngularJS','Opton2'),(160,4,'________ is the tool that references API Extractor in Angular 9.','Bazel','Blaze','Ivy','Lint','AngularJS','Option3'),(161,4,'Which of these Angular 9 artifacts are similar to filters in earlier Angular version?','Components','Services','Modules','Pipes','AngularJS','Option4'),(162,4,'Identify the component that is usually the root component in modules.','AppComponent','RootComponent','Component','None of these','AngularJS','Option1'),(163,4,'Identify which of these files contains components definitions in Angular 9.','app.components.ts','components.ts','module.components.ts','app.components.js','AngularJS','Option1'),(164,4,'Angular 9 provides two types of forms: __________ and ___________.','React forms and Template-driven forms','Reactive forms and Template-driven forms','Reactive forms and dynamic forms','Reactive, forms and test-driven forms','AngularJS','Option2'),(165,4,'Which of the following represents the correct code to add form functionality to your modules?','import (Forms) from \'@angular/forms\'','import (FormsModule) from \'@angular/forms\'','import (FormsModule) from \'@angular/forms\'','import (FormsModule) from \'@angularforms\'','AngularJS','Option1'),(166,4,'Identify the valid properties of route JavaScript object.','path','pathMatch','redirectTo','componentroute','AngularJS','Option2'),(190,2,'What is the correct syntax to output the type of a variable or object in Python?','print(typeof(x))','print(typeOf(x))','print(type(x))','print(typeof x)','Python','Option3'),(191,2,'Which of the following methods can be used to convert a string to a list in Python?','split()','append()','copy()','len()','Python','Option1'),(192,2,'What is the output of print(bool(\"\"))?','True','False','None','Error','Python','Option2'),(193,2,'Which of the following functions can generate a sequence of numbers in Python?','range()','list()','tuple()','dict()','Python','Option1'),(194,2,'What is the correct way to handle exceptions in Python?','using try and catch','using try and except','using do and except','using try and error','Python','Option2'),(195,2,'Which of the following will give the length of a list my_list?','length(my_list)','len(my_list)','list.len(my_list)','my_list.length()','Python','Option2'),(196,2,'Which of the following is not a valid Python data type?','Set','List','Integer','Fraction','Python','Option2'),(197,2,'Which method can be used to return a string in upper case letters?','upper()','uppercase()','toUpperCase()','to_upper()','Python','Option1'),(198,2,'What is the output of print(\"Hello\" * 3)?','HelloHelloHello','Hello3','3Hello','Error','Python','Option1'),(199,2,'Which of the following is a built-in function in Python?','sqrt()','print()','sum()','mean()','Python','Option2'),(200,2,'Which method is used to add an item to the end of a list?','add()','append()','insert()','extend()','Python','Option2'),(201,2,'Which of the following is a correct way to declare a variable in Python?','variable x = 10','int x = 10','x = 10','let x = 10','Python','Option3'),(202,2,'Which function is used to get the ASCII value of a character in Python?','ascii()','ord()','char()','chr()','Python','Option2'),(203,2,'Which method can be used to remove any whitespace from both the beginning and the end of a string?','strip()','trim()','remove()','delete()','Python','Option1'),(204,2,'Which of the following is not a keyword in Python?','pass','continue','break','exit','Python','Option4'),(205,2,'Which of the following is used to create an instance of a class in Python?','new','init','self','init','Python','Option2'),(206,2,'Which of the following functions is used to read a line of input from the user in Python?','read()','input()','readline()','gets()','Python','Option1'),(207,2,'Which of the following is not a core data type in Python?','Lists','Dictionary','Tuples','Class','Python','Option4'),(208,2,'Which function is used to open a file in Python?','openfile()','fileopen()','fopen()','open()','Python','Option4'),(209,2,'Which of the following methods can be used to convert a list to a set?','convert()','list()','set()','dict()','Python','Option3'),(210,2,'How do you create a set in Python?','mySet = [1, 2, 3]','mySet = {1, 2, 3}','mySet = (1, 2, 3)','mySet = <1, 2, 3>','Python','Option3'),(211,2,'Which operator is used to compare two values in Python?','=','==','===','=>','Python','Option2'),(212,2,'Which of the following is used to create a class in Python?','class myClass:','create myClass:','define myClass:','new myClass:','Python','Option1'),(213,2,'Which method is called when an object is created in Python?','__init__()','__start__()','__create__()','__new__()','Python','Option1'),(214,2,'How do you import a specific function from a module in Python?','import module.function','from module import function','include module.function','using module.function','Python','Option2'),(215,2,'How do you handle exceptions in Python?','try-except','try-catch','catch-try','handle-catch','Python','Option1'),(216,2,'How do you check if an element exists in a list?','if element in list:','if list.has(element):','if element is in list:','if list.contains(element):','Python','Option1'),(217,2,'How do you remove an element from a list in Python?','list.delete(element)','list.remove(element)','list.pop(element)','list.drop(element)','Python','Option2'),(218,2,'How do you append an element to a list in Python?','list.add(element)','list.push(element)','list.append(element)','list.insert(element)','Python','Option3'),(219,2,'Which of the following is a mutable data type in Python?','tuple','list','list','int','Python','Option2'),(220,2,'Which of the following is an immutable data type in Python?','list','set','dict','tuple','Python','Option4'),(221,2,'Which method is used to create a lambda function in Python','lambda','def','func','define','Python','Option1'),(222,2,'How do you open a file for reading in Python?','open(\'file.txt\', \'r\')','open(\'file.txt\', \'w\')','open(\'file.txt\')','open(\'file.txt\', \'read\')','Python','Option1'),(223,2,'How do you read a line from a file in Python?','file.readLine()','file.readline()','file.getLine()','file.getline()','Python','Option1'),(224,2,'How do you check if a string starts with a specific substring?','str.beginsWith(\'sub\')','str.startWith(\'sub\')','str.startswith(\'sub\')','str.beginswith(\'sub\')','Python','Option2'),(225,2,'Which function is used to get the largest integer less than or equal to a number?','ceil(num)','floor(num)','roundDown(num)','truncate(num)','Python','Option3'),(226,2,'Which method is used to add an element at a specific position in a list?','list.insert(index, element)','list.add(index, element)','list.append(index, element)','list.push(index, element)','Python','Option2'),(227,2,'Which method can be used to convert a string to uppercase?','toUpperCase()','upper()','toupper()','convert_upper()','Python','Option1'),(228,2,'Which of the following is a valid variable name in Python?','1variable','variable1','variable-1','variable!','Python','Option2'),(229,2,'Which of the following is a statements create separator in Python?','Colon','Backslash','Semicolon','Forward slash','Python','Option2'),(316,3,'What is the correct syntax for referring to an external script called \"xxx.js\"?','<script href=\"xxx.js\">','<script name=\"xxx.js\">','<script src=\"xxx.js\">','<script file=\"xxx.js\">','JavaScript','Option3'),(317,3,'How do you write \"Hello World\" in an alert box?','msgBox(\"Hello World\");','alertBox(\"Hello World\");','msg(\"Hello World\");','alert(\"Hello World\");','JavaScript','Option4'),(318,3,'How do you create a function in JavaScript?','function myFunction()','function:myFunction()','function = myFunction()','function => myFunction()','JavaScript','Option1'),(319,3,'How do you call a function named \"myFunction\"?','call myFunction()','myFunction()','call function myFunction','Call.myFunction()','JavaScript','Option2'),(320,3,'How to write an IF statement in JavaScript?','if i == 5 then','if (i == 5)','if i = 5 then','if i = 5','JavaScript','Option2'),(321,3,'How to write an IF statement for executing some code if \"i\" is NOT equal to 5?','if (i <> 5)','if i <> 5','if (i != 5)','if i =! 5 then','JavaScript','Option3'),(322,3,'How does a WHILE loop start?','while i = 1 to 10','while (i <= 10)','while (i <= 10; i++)','while (i++ i <= 10)','JavaScript','Option2'),(323,3,'How does a FOR loop start?','for (i = 0; i <= 5)','for (i <= 5; i++)','for i = 1 to 5','for (i = 0; i <= 5; i++)','JavaScript','Option4'),(324,3,'How can you add a comment in a JavaScript?','<!--This is a comment-->','//This is a comment','/*This is a comment*/','**This is a comment**','JavaScript','Option2'),(325,3,'How to insert a comment that has more than one line?','<!--This comment has more than one line-->','//This comment has more than one line//','/*This comment has more than one line*/','**This comment has more than one line**','JavaScript','Option3'),(326,3,'What is the correct way to write a JavaScript array?','var colors = \"red\", \"green\", \"blue\"','var colors = [\"red\", \"green\", \"blue\"]','var colors = (1:\"red\", 2:\"green\", 3:\"blue\")','var colors = 1 = (\"red\"), 2 = (\"green\"), 3 = (\"blue\")','JavaScript','Option2'),(327,3,'How do you round the number 7.25 to the nearest integer?','Math.round(7.25)','Math.rnd(7.25)','round(7.25)','rnd(7.25)','JavaScript','Option1'),(328,3,'How do you find the number with the highest value of x and y?','Math.max(x, y)','Math.ceil(x, y)','top(x, y)','ceil(x, y)','JavaScript','Option1'),(329,3,'What is the correct JavaScript syntax for opening a new window called \"w2\" ?','w2 = window.new(\"http://www.w3schools.com\");','w2 = window.open(\"http://www.w3schools.com\");','w2 = window.create(\"http://www.w3schools.com\");','w2 = window.make(\"http://www.w3schools.com\");','JavaScript','Option2'),(330,3,'JavaScript is the same as Java.','True','False','Only in name','Only in syntax','JavaScript','Option2'),(331,3,'How can you detect the client\'s browser name?','navigator.appName','client.navName','browser.name','user.browser','JavaScript','Option1'),(332,3,'Which event occurs when the user clicks on an HTML element?','onchange','onclick','onmouseclick','onmouseover','JavaScript','Option2'),(333,3,'How do you declare a JavaScript variable?','var carName;','variable carName;','v carName;','carName = var;','JavaScript','Option1'),(334,3,'Which operator is used to assign a value to a variable?','=','-','*','/','JavaScript','Option1'),(335,3,'What will the following code return: Boolean(10 > 9)','NaN','False','True','Undefined','JavaScript','Option3'),(336,3,'Is JavaScript case-sensitive?','No','Yes','Only in specific contexts','Depends on the browser','JavaScript','Option2'),(337,3,'Which company developed JavaScript?','Netscape','Microsoft','Google','IBM','JavaScript','Option1'),(338,3,'How can you convert a string to an integer in JavaScript?','parseInt()','intParse()','Number()','Both A and C','JavaScript','Option4'),(339,3,'What will the code `console.log(typeof NaN)` print?','number','string','NaN','undefined','JavaScript','Option1'),(340,3,'What is the correct syntax for creating an object in JavaScript?','var person = \"name\":\"John\", \"age\":30','var person = {name: \"John\", age: 30}','var person = (name: \"John\", age: 30)','var person = [name: \"John\", age: 30]','JavaScript','Option2'),(341,3,'How do you create a new array in JavaScript?','var arr = array()','var arr = new Array()','var arr = Array.create()','var arr = []','JavaScript','Option4'),(342,3,'How do you remove the last element from an array in JavaScript?','arr.pop()','arr.remove()','arr.delete()','arr.shift()','JavaScript','Option1'),(343,3,'Which function is used to serialize an object into a JSON string in JavaScript?','JSON.stringify()','JSON.parse()','JSON.objectify()','JSON.serialize()','JavaScript','Option1'),(344,3,'What does the `map` method do in JavaScript?','Creates a new array with the results of calling a provided function on every element in the calling array','Maps all elements of the array to a single value','Creates a new object from the calling array','Creates a map data structure','JavaScript','Option1'),(345,3,'How do you check if an array includes a specific element?','arr.indexOf(element)','arr.find(element)','arr.includes(element)','arr.has(element)','JavaScript','Option3'),(346,3,'What will `console.log(\"Hello\" + \" \" + \"World\")` print?','\"HelloWorld\"','\"Hello World\"','\"Hello+World\"','\"Hello World\"','JavaScript','Option2'),(347,3,'Which method is used to add one or more elements to the end of an array and return the new length of the array?','push()','pop()','shift()','unshift()','JavaScript','Option1'),(348,3,'What is the purpose of the `isNaN` function?','Check if a value is a number','Check if a value is not a number','Check if a value is an array','Check if a value is null','JavaScript','Option2'),(349,3,'How do you write a single-line comment in JavaScript?','// This is a comment','<!-- This is a comment -->','** This is a comment **','/* This is a comment */','JavaScript','Option1'),(350,3,'What is the result of `2 + \"2\"` in JavaScript?','4','22','\"2\"','undefined','JavaScript','Option2'),(351,3,'How do you get the length of a string in JavaScript?','str.length','len(str)','str.size()','string.length(str)','JavaScript','Option1'),(352,3,'Which built-in method sorts the elements of an array?','sort()','order()','arrange()','orderBy()','JavaScript','Option1'),(353,3,'What is the correct syntax to log a message to the console in JavaScript?','print(\"Hello World\")','console.log(\"Hello World\")','log(\"Hello World\")','message(\"Hello World\")','JavaScript','Option2'),(354,3,'How can you add an element to the beginning of an array?','push()','unshift()','shift()','concat()','JavaScript','Option2'),(355,3,'Which of the following is used to search for specific data in a text','Matchers','RegEx','Object','Pattern','JavaScript','Option2'),(379,1,'What does HTML stand for?','Hyper Text Markup Language','Hyperlinks and Text Markup Language','Home Tool Markup Language','Hyperlinking Text Markup Language','HTML/CSS','Option1'),(380,1,'Who is making the Web standards?','Google','Microsoft','Mozilla','The World Wide Web Consortium','HTML/CSS','Option4'),(381,1,'Choose the correct HTML element for the largest heading:','<heading>','<h1>','<h6>','<head>','HTML/CSS','Option2'),(382,1,'What is the correct HTML element for inserting a line break?','<break>','<lb>','<br>','<line>','HTML/CSS','Option3'),(383,1,'What is the correct HTML for adding a background color?','<body bg=\"yellow\">','<background>yellow</background>','<body style=\"background-color:yellow;\">','<bg>yellow</bg>','HTML/CSS','Option3'),(384,1,'Choose the correct HTML element to define important text:','<strong>','<b>','<i>','<important>','HTML/CSS','Option1'),(385,1,'Choose the correct HTML element to define emphasized text:','<i>','<italic>','<em>','<emphasize>','HTML/CSS','Option3'),(386,1,'What is the correct HTML for creating a hyperlink?','<a>http://www.example.com</a>','<a url=\"http://www.example.com\">Example</a>','<a href=\"http://www.example.com\">Example</a>','<link href=\"http://www.example.com\">Example</link>','HTML/CSS','Option3'),(387,1,'How can you open a link in a new tab/browser window?','<a href=\"http://www.example.com\" new>','<a href=\"http://www.example.com\" target=\"_blank\">','<a href=\"http://www.example.com\" target=\"new\">','<a href=\"http://www.example.com\" newtab>','HTML/CSS','Option2'),(388,1,'Which of these elements are all <table> elements?','<table><head><tfoot>','<table><tr><tt>','<thead><body><tr>','<table><tr><td>','HTML/CSS','Option4'),(389,1,'Inline elements are normally displayed without starting a new line.','True','False','Depends on the CSS','Depends on the browser','HTML/CSS','Option1'),(390,1,'How can you make a numbered list?','<ul>','<ol>','<list>','<dl>','HTML/CSS','Option2'),(391,1,'How can you make a bulleted list?','<ul>','<ol>','<list>','<dl>','HTML/CSS','Option1'),(392,1,'What is the correct HTML for making a text area?','<input type=\"textarea\">','<textarea>','<input type=\"textbox\">','<textbox>','HTML/CSS','Option2'),(393,1,'What is the correct HTML for inserting an image?','<img alt=\"MyImage\">myimage.jpg</img>','<img href=\"myimage.jpg\" alt=\"MyImage\">','<img src=\"myimage.jpg\" alt=\"MyImage\">','<image src=\"myimage.jpg\" alt=\"MyImage\">','HTML/CSS','Option3'),(394,1,'What is the correct HTML for making a drop-down list?','<input type=\"dropdown\">','<select>','<list>','<dropdown>','HTML/CSS','Option2'),(395,1,'What is the correct HTML for making a checkbox?','<input type=\"check\">','<input type=\"checkbox\">','<checkbox>','<check>','HTML/CSS','Option2'),(396,1,'What is the correct HTML for making a text input field?','<input type=\"text\">','<input type=\"textfield\">','<textfield>','<textinput>','HTML/CSS','Option1'),(397,1,'What does CSS stand for?','Creative Style Sheets','Cascading Style Sheets','Computer Style Sheets','Colorful Style Sheets','HTML/CSS','Option2'),(398,1,'What is the correct HTML for referring to an external style sheet?','<style src=\"mystyle.css\">','<stylesheet>mystyle.css</stylesheet>','<link rel=\"stylesheet\" type=\"text/css\" href=\"mystyle.css\">','<link src=\"mystyle.css\" rel=\"stylesheet\">','HTML/CSS','Option3'),(399,1,'Where in an HTML document is the correct place to refer to an external style sheet?','At the end of the document','In the <head> section','In the <body> section','At the beginning of the document','HTML/CSS','Option2'),(400,1,'Which HTML tag is used to define an internal style sheet?','<style>','<css>','<script>','<link>','HTML/CSS','Option1'),(401,1,'Which HTML attribute is used to define inline styles?','class','style','font','styles','HTML/CSS','Option2'),(402,1,'Which is the correct CSS syntax?','body {color: black;}','{body:color=black;}','{body;color:black;}','body:color=black;','HTML/CSS','Option1'),(403,1,'How do you insert a comment in a CSS file?','// this is a comment','/* this is a comment */','// this is a comment //','\' this is a comment','HTML/CSS','Option2'),(404,1,'Which property is used to change the background color?','color','bgcolor','background-color','bg-color','HTML/CSS','Option3'),(405,1,'How do you add a background color for all <h1> elements?','h1 {background-color:#FFFFFF;}','all.h1 {background-color:#FFFFFF;}','h1.all {background-color:#FFFFFF;}','h1 {bgcolor:#FFFFFF;}','HTML/CSS','Option1'),(406,1,'Which CSS property is used to change the text color of an element?','fgcolor','text-color','color','font-color','HTML/CSS','Option3'),(407,1,'Which CSS property controls the text size?','font-style','text-style','font-size','text-size','HTML/CSS','Option3'),(408,1,'What is the correct CSS syntax for making all the <p> elements bold?','p {font-weight:bold;}','p {text-size:bold;}','p {font:bold;}','p {text-weight:bold;}','HTML/CSS','Option1'),(409,1,'How do you make each word in a text start with a capital letter?','text-transform:capitalize','text-transform:uppercase','text-transform:lowercase','You can\'t do that with CSS','HTML/CSS','Option1'),(410,1,'Which property is used to change the font of an element?','font-family','font-style','font-weight','font-variant','HTML/CSS','Option1'),(411,1,'How do you make the text bold?','font:bold;','style:bold;','font-weight:bold;','text:bold;','HTML/CSS','Option3'),(412,1,'How do you display a border like this: The top border = 10 pixels, the bottom border = 5 pixels, the left border = 20 pixels, and the right border = 1pixel?','border-width:10px 5px 20px 1px;','border-width:10px 1px 5px 20px;','border-width:10px 20px 5px 1px;','border-width:10px 5px 1px 20px;','HTML/CSS','Option2'),(413,1,'How do you change the left margin of an element?','margin-left:','indent','padding-left:','margin:','HTML/CSS','Option1'),(414,1,'When using the padding property; are you allowed to use negative values?','Yes','No','Depends on the element','Depends on the browser','HTML/CSS','Option2'),(415,1,'How do you select an element with id \'demo\'?','#demo','.demo','demo','*demo','HTML/CSS','Option1'),(416,1,'How do you select elements with class name \'test\'?','.test','#test','*test','test','HTML/CSS','Option1'),(417,1,'How do you select all p elements inside a div element?','div p','div.p','div + p','div > p','HTML/CSS','Option1'),(418,1,'Which of the following is the non-standard variation of <meta> tag?','View port meta tag','Media queries','Webkit extensions','link tag','HTML/CSS','Option4'),(442,5,'Which SQL statement is used to insert new data into a database?','INSERT','ADD','UPDATE','MODIFY','MySQL','Option1'),(443,5,'Which SQL statement is used to update data in a database?','MODIFY','SAVE','CHANGE','UPDATE','MySQL','Option4'),(444,5,'Which SQL statement is used to delete data from a database?','REMOVE','DELETE','ERASE','ERADICATE','MySQL','Option2'),(445,5,'Which SQL statement is used to retrieve data from a database?','SELECT','GET','OPEN','FETCH','MySQL','Option1'),(446,5,'Which SQL keyword is used to sort the result-set?','ORDER BY','SORT','GROUP BY','ARRANGE BY','MySQL','Option1'),(447,5,'Which SQL keyword is used to select unique values?','UNIQUE','DISTINCT','ONLY','SPECIAL','MySQL','Option2'),(448,5,'Which SQL keyword is used to join tables?','ATTACH','JOIN','MERGE','FUSE','MySQL','Option2'),(449,5,'Which SQL statement is used to return only distinct values?','DISTINCT','UNIQUE','ONLY','EXCLUSIVE','MySQL','Option1'),(450,5,'Which SQL statement is used to count the number of rows in a table?','COUNT','SUM','MAX','ROWCOUNT','MySQL','Option1'),(451,5,'Which SQL statement is used to make a table?','CREATE','MAKE','BUILD','DEVELOP','MySQL','Option1'),(452,5,'Which SQL statement is used to change a table?','CHANGE','ALTER','UPDATE','MODIFY','MySQL','Option2'),(453,5,'Which SQL statement is used to add a new column to a table?','ADD','APPEND','INSERT','INCLUDE','MySQL','Option1'),(454,5,'Which SQL function is used to count the number of rows in a table?','SUM','COUNT','TOTAL','ROWCOUNT','MySQL','Option2'),(455,5,'Which SQL operator is used to check if a value is in a list?','BETWEEN','AMONG','IN','INCLUDE','MySQL','Option3'),(456,5,'Which SQL operator is used to compare two values?','EQUAL','LIKE','SIMILAR','MATCH','MySQL','Option2'),(457,5,'Which SQL statement is used to create a view?','CREATE VIEW','VIEW','GENERATE VIEW','ADD VIEW','MySQL','Option1'),(458,5,'Which SQL statement is used to update the structure of a table?','ALTER TABLE','UPDATE TABLE','CHANGE TABLE','MODIFY TABLE','MySQL','Option1'),(459,5,'Which SQL statement is used to delete a view?','DELETE VIEW','DROP VIEW','ERASE VIEW','REMOVE VIEW','MySQL','Option2'),(460,5,'Which SQL statement is used to add a new row to a table?','ADD','INSTALL','APPLY','INPUT','MySQL','Option1'),(461,5,'Which SQL statement is used to modify a column in a table?','ALTER','MODIFY','UPDATE','CHANGE','MySQL','Option1'),(462,5,'Which SQL statement is used to delete a column in a table?','CREATE DATABASE','MAKE DATABASE','OPEN DATABASE','START DATABASE','MySQL','Option1'),(463,5,'Which SQL statement is used to create a database?','CLOSE DATABASE','FINISH DATABASE','REMOVE DATABASE','DROP DATABASE','MySQL','Option1'),(464,5,'Which SQL statement is used to drop a database?','DROP TABLE','DELETE TABLE','ERASE TABLE','REMOVE TABLE','MySQL','Option1'),(465,5,'Which SQL statement is used to drop a table?','INCLUDE','ADD','INSTALL','PUT','MySQL','Option1'),(466,5,'Which SQL statement is used to insert a new record into a table?','CHANGE','ALTER','UPDATE','MODIFY','MySQL','Option3'),(467,5,'Which SQL statement is used to update existing records in a table?','DELETE ALL','REMOVE ALL','CLEAN ALL','ERASE ALL','MySQL','Option2'),(468,5,'Which SQL statement is used to delete all records in a table?','RETURN ALL','FETCH ALL','GET ALL','SELECT ALL','MySQL','Option1'),(469,5,'Which SQL statement is used to return all rows from a table?','GET COLUMNS','SHOW COLUMNS','PULL COLUMNS','DISPLAY COLUMNS','MySQL','Option3'),(470,5,'Which SQL statement is used to return only specific columns from a table?','SELECT COLUMN_NAME FROM TABLE_NAME','SELECT * FROM TABLE_NAME','SELECT TABLE_NAME FROM COLUMN_NAME','SELECT DISTINCT COLUMN_NAME FROM TABLE_NAME','MySQL','Option1'),(471,5,'Which SQL statement is used to filter the result set?','PULL','COLLECT','REMOVE','CLEAN','MySQL','Option3'),(472,5,'Which SQL statement is used to sort the result set in ascending order?','ORDER BY ASC','SORT BY ASC','GROUP BY ASC','ARRANGE BY ASC','MySQL','Option1'),(473,5,'Which SQL statement is used to sort the result set in descending order?','ORDER BY DESC','SORT BY DESC','GROUP BY DESC','ARRANGE BY DESC','MySQL','Option1'),(474,5,'Which SQL statement is used to count the number of rows in a table?','COUNT ROWS','SUM','COUNT','TOTAL','MySQL','Option3'),(475,5,'Which SQL statement is used to sum the values in a column?','ADD','INSTALL','SUM','PLUS','MySQL','Option3'),(476,5,'Which SQL statement is used to return the average value of a numeric column?','AVERAGE','AVG','MEDIAN','MEAN','MySQL','Option2'),(477,5,'Which SQL statement is used to return the maximum value of a numeric column?','HIGHEST','HIGH','MAX','UPPER','MySQL','Option3'),(478,5,'Which SQL statement is used to return the minimum value of a numeric column?','SMALLEST','LOWEST','MINIMUM','MIN','MySQL','Option4'),(479,5,'Which SQL statement is used to round a numeric field to the nearest integer?','ROUND','NEAREST','REACH','NEAR','MySQL','Option1'),(480,5,'Which SQL statement is used to remove a unique constraint from a table?','DROP','DELETE','ERASE','REMOVE','MySQL','Option1'),(481,5,'Which SQL statement is used to add a unique constraint to a table?','ADD','INSTALL','APPLY','INCLUDE','MySQL','Option1'),(505,6,'What is Flask?','A micro web framework for Python','A templating engine for JavaScript','A relational database management system','A front-end framework','Flask','Option1'),(506,6,'Which of the following is not a feature of Flask?','Object-relational mapping','Routing','Templates','Sessions','Flask','Option1'),(507,6,'Which decorator is used in Flask to define a route?','@app.route','@route','@url.route','@flask.route','Flask','Option1'),(508,6,'What is the default port number on which Flask runs?','5000','8080','3000','80','Flask','Option1'),(509,6,'Which template engine is commonly used with Flask?','Jinja2','Mustache','Handlebars','EJS','Flask','Option1'),(510,6,'How can you access form data submitted in Flask?','request.form','request.data','request.params','request.body','Flask','Option1'),(511,6,'Which command is used to start the Flask development server?','flask run','python app.py','npm start','start server','Flask','Option1'),(512,6,'How do you define a variable rule in Flask routing?','<variable>','<int:variable>','<string:variable>','<rule:variable>','Flask','Option1'),(513,6,'Which Flask extension is used for managing database operations?','Flask-SQLAlchemy','Flask-MySQL','Flask-Database','Flask-DB','Flask','Option1'),(514,6,'Which HTTP method is used for submitting data to the server in Flask forms?','POST','GET','PUT','PATCH','Flask','Option1'),(515,6,'How do you set a session variable in Flask?','session[\'key\'] = \'value\'','setSession(\'key\', \'value\')','session.add(\'key\', \'value\')','request.session(\'key\', \'value\')','Flask','Option1'),(516,6,'What does `render_template` do in Flask?','Renders an HTML template','Renders a JSON response','Renders a database query result','Renders a Python function','Flask','Option1'),(517,6,'Which folder is used by default for templates in a Flask application?','templates','views','layouts','pages','Flask','Option1'),(518,6,'How do you define a static file in Flask?','url_for(\'static\', filename=\'filename\')','static(\'filename\')','app.static(\'filename\')','STATIC(\'filename\')','Flask','Option1'),(519,6,'Which Flask command is used to initialize a new Flask project?','flask init','flask new','flask start','flask create','Flask','Option2'),(520,6,'What is the Flask command used to list all routes in an application?','flask routes','flask list','flask route','flask list-routes','Flask','Option1'),(521,6,'Which object in Flask represents a WSGI application?','app','wsgi','server','route','Flask','Option1'),(522,6,'How do you configure Flask to use a secret key?','app.secret_key = \'your_secret_key\'','app.configure(\'your_secret_key\')','app.config[\'SECRET_KEY\'] = \'your_secret_key\'','app.key(\'your_secret_key\')','Flask','Option3'),(523,6,'Which command is used to install Flask?','pip install Flask','pip Flask install','install Flask','flask install','Flask','Option1'),(524,6,'What does Flask-WTF provide in Flask applications?','Forms handling with CSRF protection','Database operations','User authentication','Template rendering','Flask','Option1'),(525,6,'How do you access a URL parameter in Flask?','request.args.get(\'param_name\')','request.param(\'param_name\')','request.url.param(\'param_name\')','request.parameter(\'param_name\')','Flask','Option1'),(526,6,'What does `redirect` do in Flask?','Redirects the client to a different URL','Returns a JSON response','Renders a template','Returns a database query result','Flask','Option1'),(527,6,'What is the Flask command used to set environment variables?','export FLASK_APP=app.py','set FLASK_APP=app.py','flask set-env FLASK_APP=app.py','FLASK_APP=app.py','Flask','Option1'),(528,6,'Which extension is commonly used for user authentication in Flask applications?','Flask-Login','Flask-Auth','Flask-Authenticator','Flask-Session','Flask','Option1'),(529,6,'How do you define error handlers in Flask?','@app.errorhandler','@error.handler','@app.exception','@app.catch','Flask','Option1'),(530,6,'Which command is used to create a virtual environment for a Flask project?','python -m venv venv','create-venv venv','flask create-venv venv','flask venv','Flask','Option1'),(531,6,'How do you return a JSON response in Flask?','jsonify(data)','return JSON(data)','response.json(data)','jsonResponse(data)','Flask','Option1'),(532,6,'Which Flask extension is used for handling email in Flask applications?','Flask-Mail','Flask-SMTP','Flask-Email','Flask-Message','Flask','Option1'),(533,6,'What does the `@app.before_request` decorator do in Flask?','Executes a function before each request','Executes a function after each request','Executes a function before the application starts','Executes a function before rendering a template','Flask','Option1'),(534,6,'Which method is used to send a HTTP POST request in Flask?','requests.post(url, data)','flask.post(url, data)','send_post_request(url, data)','flask.request.post(url, data)','Flask','Option1'),(535,6,'How do you define a custom error page in Flask?','@app.errorhandler(code)','@error.page(code)','@app.error(code)','@app.custom_error(code)','Flask','Option1'),(536,6,'Which command is used to debug a Flask application?','app.debug = True','flask debug','flask run --debug','DEBUG=True','Flask','Option3'),(537,6,'What does the `@app.teardown_request` decorator do in Flask?','Executes a function after each request','Executes a function before each request','Executes a function after the application starts','Executes a function before rendering a template','Flask','Option1'),(538,6,'Which Flask extension is used for pagination?','Flask-SQLAlchemy','Flask-Pagination','Flask-Paginate','Flask-Pager','Flask','Option3'),(539,6,'How do you set a cookie in Flask?','response.set_cookie(\'key\', \'value\')','cookie.set(\'key\', \'value\')','set_cookie(\'key\', \'value\')','cookie(\'key\', \'value\')','Flask','Option1'),(540,6,'Which of the following is a valid HTTP method in Flask?','HEAD','FETCH','PUSH','REMOVE','Flask','Option1'),(541,6,'How do you define a blueprint in Flask?','Blueprint(\'name\', __name__)','Blueprint(name)','app.Blueprint(\'name\')','FlaskBlueprint(\'name\')','Flask','Option1'),(542,6,'Which Flask extension can be used for migrations?','Flask-Migrate','Flask-Migration','Flask-Migrator','Flask-Database','Flask','Option1'),(543,6,'How do you register a blueprint in a Flask application?','app.register_blueprint(blueprint)','app.add_blueprint(blueprint)','blueprint.register(app)','app.register(blueprint)','Flask','Option1'),(544,6,'Which method is used to handle a 404 error in Flask?','@app.errorhandler(404)','@app.handle_404','@app.error(404)','@app.error_page(404)','Flask','Option1'),(568,7,'Django is a Python-based ____.','web framework','video creating tool','analysis tool','desktop development platform','Django','Option1'),(569,7,'Django is maintained by which organization/company?','Oracle','Microsoft Corporation','Python Software Foundation','Django Software Foundation','Django','Option4'),(570,7,'What does MTV stand for in Django?','model–template–views','make–test–views','model–template–verifyl','mobile–template–verification','Django','Option1'),(571,7,'Who is/are the original author(s) of Django?','Pearu Peterson, Robert Kern, and Travis Oliphant','Adrian Holovaty and Simon Willison','Adrian Hallet and Simon Willison','Larry Ellison, Bob Miner, and Ed Oates','Django','Option2'),(572,7,'Which command is used to create the first project in Django?','django-admin startproject project_name','django-admin startapp project_name','django-admin create project_name','django-admin createproject project_name','Django','Option1'),(573,7,'By default, Django configuration uses which database?','MySQL','SQLitel','Oracle','None of the above','Django','Option2'),(574,7,'Which command is used to create an app in Django?','py admin.py startapp-c app_name','py manage.py startapp app_name','py manage.py djangoapp app_name','py manage.py createapp app_name','Django','Option2'),(575,7,'Which is the correct command to start the Django development server on your system?','py manage.py localhost','py manage.py runatserver','py manage.py createserver','py manage.py runserver','Django','Option4'),(576,7,'Which file is not a part of the Django project content?','settings.py','manage.py','templates.py','py manage.py runserver','Django','Option3'),(577,7,'Django is written in which language?','C++','Python','AnhularJs','Asp.Net','Django','Option2'),(578,7,'Which Django functions are used to take http requests and return http responses?.','Django views','Django request() and response()','Django templates','Both A and B','Django','Option1'),(579,7,'In Django, data is created in ____.','tables','views','templates','objects','Django','Option4'),(580,7,'In Django, data is created in objects, what are these objects called ____.','models','views','templates','database','Django','Option1'),(581,7,'Which is the correct statement to import models in the Django project?','from django import models','from django.models import models','from django.db import models','None of the above','Django','Option3'),(582,7,'Which is the correct statement to run migrate command in Django?.','run manage.py migrate','py migrate','py manage.py pymigrate','py manage.py migrate','Django','Option1'),(583,7,'Which command is used to create a Python shell?','run shell','py manage.py shell','run py manage.py shell','py manage.py djangoshell','Django','Option2'),(584,7,'What is the correct syntax to use a variable in the Django template?','{{ variable_name }}','< variable_name >','<< variable_name >>','\" variable_name \"','Django','Option1'),(585,7,'Which Django file contains all the configuration of your Django installation?','main.py','setting.py','djangosetting.py','settings.py','Django','Option2'),(586,7,'How you can turn off the debugging in Django\'s configuration file?','DEBUG = false','DEBUG = FALSE','DEBUG = False','DEBUGOFF = True','Django','Option3'),(587,7,'Which template tag is used to create variables directly in the Django template?','{% with %}','<% with %>','<< with >>','{{ with }}','Django','Option1'),(588,7,'Which Django template tag is used to return the first not empty variable?','empty','firstempty','firstemptyvar','firstof','Django','Option4'),(589,7,'How many parameters do render() function take in Django?','1','2','3','4','Django','Option3'),(590,7,'Which is the correct import statement to use the render() function in Django?','from django.shortcuts import render','from django import render','from django.requests import render','from httpresponses import render','Django','Option1'),(591,7,'Which Django tag is used to write comments?','{% startcomment %} ... {% endcomment %}','{% comment %} ... {% endcomment %}','{% initcomment %} ... {% endcomment %}','{% start %} ... {% end %}','Django','Option2'),(592,7,'Except Django comment tag, what can be used to write smaller comments?','# ..','/* … *','{{# ... #}}','{# ... #}','Django','Option4'),(593,7,'Which is the correct syntax to write comments in Django views?','# ...','/* … *','{{# ... #}}','{# ... #}','Django','Option1'),(594,7,'Django is a Python-based ____.','web framework','video creating tool','analysis tool','desktop development platform','Django','Option1'),(595,7,'Which Django tag is used to include a template inside the current template?','allow','insert','import','include','Django','Option4'),(596,7,'Which Django keyword is used to send variables into the template?','send','go','export','with','Django','Option4'),(597,7,'In Django QuertSet, which method is used to get all the records and fields of a given model?','get()','all()','getall()','bunch()','Django','Option2'),(598,7,'In Django QuertSet, which method is used to get each object as a Python dictionary, with the names and values as key/value pairs?.','values()','dictionary()','getvalues()','None of the above','Django','Option1'),(599,7,'In Django QuertSet, which method is used to get the specified column?','column_values()','columnvalues()','values_list()','column_list()','Django','Option3'),(600,7,'In Django QuertSet, which method is used to filter your search?','filter()','search()','filter_all()','filter_values()','Django','Option1'),(601,7,'n Django QuertSet, how to add two search queries?','By using the AND keyword','By using the OR keyword','By using the + symbol','By using the comma separator','Django','Option4'),(602,7,'Which method is used to sort a Django QuerySet?','sort()','sort_by()','order_by()','order()','Django','Option3'),(603,7,'Which Django tag is used to insert the current date and time?','date','now','datetime','currentdatetime','Django','Option2'),(604,7,'What is Django used for?','Machine learning','Game development','Web development','Data analysis','Django','Option3'),(605,7,'What is Django in python?','A framework','A library','A function','A script','Django','Option1'),(606,7,'What is the base principle of MVT in Django?','Model, Template, View','Model, View, Template','Template, Model, View','Template, View, Model','Django','Option2'),(607,7,' How does Django handle URL routing?','By using functions','By using a fixed path','By using classesl','By using regular expressions','Django','Option4');
/*!40000 ALTER TABLE `exam_questions` ENABLE KEYS */;
UNLOCK TABLES;

--
-- Table structure for table `flask`
--

DROP TABLE IF EXISTS `flask`;
/*!40101 SET @saved_cs_client     = @@character_set_client */;
/*!50503 SET character_set_client = utf8mb4 */;
CREATE TABLE `flask` (
  `course_id` int DEFAULT '6',
  `courseName` varchar(10) DEFAULT 'Flask',
  `id` int NOT NULL AUTO_INCREMENT,
  `question` varchar(300) NOT NULL,
  `option1` varchar(200) NOT NULL,
  `option2` varchar(200) NOT NULL,
  `option3` varchar(200) NOT NULL,
  `option4` varchar(200) NOT NULL,
  `correct_answer` varchar(100) NOT NULL,
  PRIMARY KEY (`id`)
) ENGINE=InnoDB AUTO_INCREMENT=545 DEFAULT CHARSET=utf8mb4 COLLATE=utf8mb4_0900_ai_ci;
/*!40101 SET character_set_client = @saved_cs_client */;

--
-- Dumping data for table `flask`
--

LOCK TABLES `flask` WRITE;
/*!40000 ALTER TABLE `flask` DISABLE KEYS */;
INSERT INTO `flask` VALUES (6,'Flask',505,'What is Flask?','A micro web framework for Python','A templating engine for JavaScript','A relational database management system','A front-end framework','Option1'),(6,'Flask',506,'Which of the following is not a feature of Flask?','Object-relational mapping','Routing','Templates','Sessions','Option1'),(6,'Flask',507,'Which decorator is used in Flask to define a route?','@app.route','@route','@url.route','@flask.route','Option1'),(6,'Flask',508,'What is the default port number on which Flask runs?','5000','8080','3000','80','Option1'),(6,'Flask',509,'Which template engine is commonly used with Flask?','Jinja2','Mustache','Handlebars','EJS','Option1'),(6,'Flask',510,'How can you access form data submitted in Flask?','request.form','request.data','request.params','request.body','Option1'),(6,'Flask',511,'Which command is used to start the Flask development server?','flask run','python app.py','npm start','start server','Option1'),(6,'Flask',512,'How do you define a variable rule in Flask routing?','<variable>','<int:variable>','<string:variable>','<rule:variable>','Option1'),(6,'Flask',513,'Which Flask extension is used for managing database operations?','Flask-SQLAlchemy','Flask-MySQL','Flask-Database','Flask-DB','Option1'),(6,'Flask',514,'Which HTTP method is used for submitting data to the server in Flask forms?','POST','GET','PUT','PATCH','Option1'),(6,'Flask',515,'How do you set a session variable in Flask?','session[\'key\'] = \'value\'','setSession(\'key\', \'value\')','session.add(\'key\', \'value\')','request.session(\'key\', \'value\')','Option1'),(6,'Flask',516,'What does `render_template` do in Flask?','Renders an HTML template','Renders a JSON response','Renders a database query result','Renders a Python function','Option1'),(6,'Flask',517,'Which folder is used by default for templates in a Flask application?','templates','views','layouts','pages','Option1'),(6,'Flask',518,'How do you define a static file in Flask?','url_for(\'static\', filename=\'filename\')','static(\'filename\')','app.static(\'filename\')','STATIC(\'filename\')','Option1'),(6,'Flask',519,'Which Flask command is used to initialize a new Flask project?','flask init','flask new','flask start','flask create','Option2'),(6,'Flask',520,'What is the Flask command used to list all routes in an application?','flask routes','flask list','flask route','flask list-routes','Option1'),(6,'Flask',521,'Which object in Flask represents a WSGI application?','app','wsgi','server','route','Option1'),(6,'Flask',522,'How do you configure Flask to use a secret key?','app.secret_key = \'your_secret_key\'','app.configure(\'your_secret_key\')','app.config[\'SECRET_KEY\'] = \'your_secret_key\'','app.key(\'your_secret_key\')','Option3'),(6,'Flask',523,'Which command is used to install Flask?','pip install Flask','pip Flask install','install Flask','flask install','Option1'),(6,'Flask',524,'What does Flask-WTF provide in Flask applications?','Forms handling with CSRF protection','Database operations','User authentication','Template rendering','Option1'),(6,'Flask',525,'How do you access a URL parameter in Flask?','request.args.get(\'param_name\')','request.param(\'param_name\')','request.url.param(\'param_name\')','request.parameter(\'param_name\')','Option1'),(6,'Flask',526,'What does `redirect` do in Flask?','Redirects the client to a different URL','Returns a JSON response','Renders a template','Returns a database query result','Option1'),(6,'Flask',527,'What is the Flask command used to set environment variables?','export FLASK_APP=app.py','set FLASK_APP=app.py','flask set-env FLASK_APP=app.py','FLASK_APP=app.py','Option1'),(6,'Flask',528,'Which extension is commonly used for user authentication in Flask applications?','Flask-Login','Flask-Auth','Flask-Authenticator','Flask-Session','Option1'),(6,'Flask',529,'How do you define error handlers in Flask?','@app.errorhandler','@error.handler','@app.exception','@app.catch','Option1'),(6,'Flask',530,'Which command is used to create a virtual environment for a Flask project?','python -m venv venv','create-venv venv','flask create-venv venv','flask venv','Option1'),(6,'Flask',531,'How do you return a JSON response in Flask?','jsonify(data)','return JSON(data)','response.json(data)','jsonResponse(data)','Option1'),(6,'Flask',532,'Which Flask extension is used for handling email in Flask applications?','Flask-Mail','Flask-SMTP','Flask-Email','Flask-Message','Option1'),(6,'Flask',533,'What does the `@app.before_request` decorator do in Flask?','Executes a function before each request','Executes a function after each request','Executes a function before the application starts','Executes a function before rendering a template','Option1'),(6,'Flask',534,'Which method is used to send a HTTP POST request in Flask?','requests.post(url, data)','flask.post(url, data)','send_post_request(url, data)','flask.request.post(url, data)','Option1'),(6,'Flask',535,'How do you define a custom error page in Flask?','@app.errorhandler(code)','@error.page(code)','@app.error(code)','@app.custom_error(code)','Option1'),(6,'Flask',536,'Which command is used to debug a Flask application?','app.debug = True','flask debug','flask run --debug','DEBUG=True','Option3'),(6,'Flask',537,'What does the `@app.teardown_request` decorator do in Flask?','Executes a function after each request','Executes a function before each request','Executes a function after the application starts','Executes a function before rendering a template','Option1'),(6,'Flask',538,'Which Flask extension is used for pagination?','Flask-SQLAlchemy','Flask-Pagination','Flask-Paginate','Flask-Pager','Option3'),(6,'Flask',539,'How do you set a cookie in Flask?','response.set_cookie(\'key\', \'value\')','cookie.set(\'key\', \'value\')','set_cookie(\'key\', \'value\')','cookie(\'key\', \'value\')','Option1'),(6,'Flask',540,'Which of the following is a valid HTTP method in Flask?','HEAD','FETCH','PUSH','REMOVE','Option1'),(6,'Flask',541,'How do you define a blueprint in Flask?','Blueprint(\'name\', __name__)','Blueprint(name)','app.Blueprint(\'name\')','FlaskBlueprint(\'name\')','Option1'),(6,'Flask',542,'Which Flask extension can be used for migrations?','Flask-Migrate','Flask-Migration','Flask-Migrator','Flask-Database','Option1'),(6,'Flask',543,'How do you register a blueprint in a Flask application?','app.register_blueprint(blueprint)','app.add_blueprint(blueprint)','blueprint.register(app)','app.register(blueprint)','Option1'),(6,'Flask',544,'Which method is used to handle a 404 error in Flask?','@app.errorhandler(404)','@app.handle_404','@app.error(404)','@app.error_page(404)','Option1');
/*!40000 ALTER TABLE `flask` ENABLE KEYS */;
UNLOCK TABLES;

--
-- Table structure for table `htmlcss`
--

DROP TABLE IF EXISTS `htmlcss`;
/*!40101 SET @saved_cs_client     = @@character_set_client */;
/*!50503 SET character_set_client = utf8mb4 */;
CREATE TABLE `htmlcss` (
  `ID` int NOT NULL AUTO_INCREMENT,
  `course_ID` int DEFAULT '1',
  `courseName` varchar(10) DEFAULT 'HTML/CSS',
  `question` varchar(300) NOT NULL,
  `option_a` varchar(200) NOT NULL,
  `option_b` varchar(200) NOT NULL,
  `option_c` varchar(200) NOT NULL,
  `option_d` varchar(200) NOT NULL,
  `correct_option` varchar(200) NOT NULL,
  PRIMARY KEY (`ID`)
) ENGINE=InnoDB AUTO_INCREMENT=41 DEFAULT CHARSET=utf8mb4 COLLATE=utf8mb4_0900_ai_ci;
/*!40101 SET character_set_client = @saved_cs_client */;

--
-- Dumping data for table `htmlcss`
--

LOCK TABLES `htmlcss` WRITE;
/*!40000 ALTER TABLE `htmlcss` DISABLE KEYS */;
INSERT INTO `htmlcss` VALUES (1,1,'HTML/CSS','What does HTML stand for?','Hyper Text Markup Language','Hyperlinks and Text Markup Language','Home Tool Markup Language','Hyperlinking Text Markup Language','Option1'),(2,1,'HTML/CSS','Who is making the Web standards?','Google','Microsoft','Mozilla','The World Wide Web Consortium','Option4'),(3,1,'HTML/CSS','Choose the correct HTML element for the largest heading:','<heading>','<h1>','<h6>','<head>','Option2'),(4,1,'HTML/CSS','What is the correct HTML element for inserting a line break?','<break>','<lb>','<br>','<line>','Option3'),(5,1,'HTML/CSS','What is the correct HTML for adding a background color?','<body bg=\"yellow\">','<background>yellow</background>','<body style=\"background-color:yellow;\">','<bg>yellow</bg>','Option3'),(6,1,'HTML/CSS','Choose the correct HTML element to define important text:','<strong>','<b>','<i>','<important>','Option1'),(7,1,'HTML/CSS','Choose the correct HTML element to define emphasized text:','<i>','<italic>','<em>','<emphasize>','Option3'),(8,1,'HTML/CSS','What is the correct HTML for creating a hyperlink?','<a>http://www.example.com</a>','<a url=\"http://www.example.com\">Example</a>','<a href=\"http://www.example.com\">Example</a>','<link href=\"http://www.example.com\">Example</link>','Option3'),(9,1,'HTML/CSS','How can you open a link in a new tab/browser window?','<a href=\"http://www.example.com\" new>','<a href=\"http://www.example.com\" target=\"_blank\">','<a href=\"http://www.example.com\" target=\"new\">','<a href=\"http://www.example.com\" newtab>','Option2'),(10,1,'HTML/CSS','Which of these elements are all <table> elements?','<table><head><tfoot>','<table><tr><tt>','<thead><body><tr>','<table><tr><td>','Option4'),(11,1,'HTML/CSS','Inline elements are normally displayed without starting a new line.','True','False','Depends on the CSS','Depends on the browser','Option1'),(12,1,'HTML/CSS','How can you make a numbered list?','<ul>','<ol>','<list>','<dl>','Option2'),(13,1,'HTML/CSS','How can you make a bulleted list?','<ul>','<ol>','<list>','<dl>','Option1'),(14,1,'HTML/CSS','What is the correct HTML for making a text area?','<input type=\"textarea\">','<textarea>','<input type=\"textbox\">','<textbox>','Option2'),(15,1,'HTML/CSS','What is the correct HTML for inserting an image?','<img alt=\"MyImage\">myimage.jpg</img>','<img href=\"myimage.jpg\" alt=\"MyImage\">','<img src=\"myimage.jpg\" alt=\"MyImage\">','<image src=\"myimage.jpg\" alt=\"MyImage\">','Option3'),(16,1,'HTML/CSS','What is the correct HTML for making a drop-down list?','<input type=\"dropdown\">','<select>','<list>','<dropdown>','Option2'),(17,1,'HTML/CSS','What is the correct HTML for making a checkbox?','<input type=\"check\">','<input type=\"checkbox\">','<checkbox>','<check>','Option2'),(18,1,'HTML/CSS','What is the correct HTML for making a text input field?','<input type=\"text\">','<input type=\"textfield\">','<textfield>','<textinput>','Option1'),(19,1,'HTML/CSS','What does CSS stand for?','Creative Style Sheets','Cascading Style Sheets','Computer Style Sheets','Colorful Style Sheets','Option2'),(20,1,'HTML/CSS','What is the correct HTML for referring to an external style sheet?','<style src=\"mystyle.css\">','<stylesheet>mystyle.css</stylesheet>','<link rel=\"stylesheet\" type=\"text/css\" href=\"mystyle.css\">','<link src=\"mystyle.css\" rel=\"stylesheet\">','Option3'),(21,1,'HTML/CSS','Where in an HTML document is the correct place to refer to an external style sheet?','At the end of the document','In the <head> section','In the <body> section','At the beginning of the document','Option2'),(22,1,'HTML/CSS','Which HTML tag is used to define an internal style sheet?','<style>','<css>','<script>','<link>','Option1'),(23,1,'HTML/CSS','Which HTML attribute is used to define inline styles?','class','style','font','styles','Option2'),(24,1,'HTML/CSS','Which is the correct CSS syntax?','body {color: black;}','{body:color=black;}','{body;color:black;}','body:color=black;','Option1'),(25,1,'HTML/CSS','How do you insert a comment in a CSS file?','// this is a comment','/* this is a comment */','// this is a comment //','\' this is a comment','Option2'),(26,1,'HTML/CSS','Which property is used to change the background color?','color','bgcolor','background-color','bg-color','Option3'),(27,1,'HTML/CSS','How do you add a background color for all <h1> elements?','h1 {background-color:#FFFFFF;}','all.h1 {background-color:#FFFFFF;}','h1.all {background-color:#FFFFFF;}','h1 {bgcolor:#FFFFFF;}','Option1'),(28,1,'HTML/CSS','Which CSS property is used to change the text color of an element?','fgcolor','text-color','color','font-color','Option3'),(29,1,'HTML/CSS','Which CSS property controls the text size?','font-style','text-style','font-size','text-size','Option3'),(30,1,'HTML/CSS','What is the correct CSS syntax for making all the <p> elements bold?','p {font-weight:bold;}','p {text-size:bold;}','p {font:bold;}','p {text-weight:bold;}','Option1'),(31,1,'HTML/CSS','How do you make each word in a text start with a capital letter?','text-transform:capitalize','text-transform:uppercase','text-transform:lowercase','You can\'t do that with CSS','Option1'),(32,1,'HTML/CSS','Which property is used to change the font of an element?','font-family','font-style','font-weight','font-variant','Option1'),(33,1,'HTML/CSS','How do you make the text bold?','font:bold;','style:bold;','font-weight:bold;','text:bold;','Option3'),(34,1,'HTML/CSS','How do you display a border like this: The top border = 10 pixels, the bottom border = 5 pixels, the left border = 20 pixels, and the right border = 1pixel?','border-width:10px 5px 20px 1px;','border-width:10px 1px 5px 20px;','border-width:10px 20px 5px 1px;','border-width:10px 5px 1px 20px;','Option2'),(35,1,'HTML/CSS','How do you change the left margin of an element?','margin-left:','indent','padding-left:','margin:','Option1'),(36,1,'HTML/CSS','When using the padding property; are you allowed to use negative values?','Yes','No','Depends on the element','Depends on the browser','Option2'),(37,1,'HTML/CSS','How do you select an element with id \'demo\'?','#demo','.demo','demo','*demo','Option1'),(38,1,'HTML/CSS','How do you select elements with class name \'test\'?','.test','#test','*test','test','Option1'),(39,1,'HTML/CSS','How do you select all p elements inside a div element?','div p','div.p','div + p','div > p','Option1'),(40,1,'HTML/CSS','Which of the following is the non-standard variation of <meta> tag?','View port meta tag','Media queries','Webkit extensions','link tag','Option4');
/*!40000 ALTER TABLE `htmlcss` ENABLE KEYS */;
UNLOCK TABLES;

--
-- Table structure for table `javascript`
--

DROP TABLE IF EXISTS `javascript`;
/*!40101 SET @saved_cs_client     = @@character_set_client */;
/*!50503 SET character_set_client = utf8mb4 */;
CREATE TABLE `javascript` (
  `ID` int NOT NULL AUTO_INCREMENT,
  `course_id` int DEFAULT '3',
  `courseName` varchar(10) DEFAULT 'JavaScript',
  `question` varchar(500) NOT NULL,
  `option1` varchar(200) NOT NULL,
  `option2` varchar(200) NOT NULL,
  `option3` varchar(200) NOT NULL,
  `option4` varchar(200) NOT NULL,
  `correct_option` varchar(100) NOT NULL,
  PRIMARY KEY (`ID`)
) ENGINE=InnoDB AUTO_INCREMENT=41 DEFAULT CHARSET=utf8mb4 COLLATE=utf8mb4_0900_ai_ci;
/*!40101 SET character_set_client = @saved_cs_client */;

--
-- Dumping data for table `javascript`
--

LOCK TABLES `javascript` WRITE;
/*!40000 ALTER TABLE `javascript` DISABLE KEYS */;
INSERT INTO `javascript` VALUES (1,3,'JavaScript','What is the correct syntax for referring to an external script called \"xxx.js\"?','<script href=\"xxx.js\">','<script name=\"xxx.js\">','<script src=\"xxx.js\">','<script file=\"xxx.js\">','Option3'),(2,3,'JavaScript','How do you write \"Hello World\" in an alert box?','msgBox(\"Hello World\");','alertBox(\"Hello World\");','msg(\"Hello World\");','alert(\"Hello World\");','Option4'),(3,3,'JavaScript','How do you create a function in JavaScript?','function myFunction()','function:myFunction()','function = myFunction()','function => myFunction()','Option1'),(4,3,'JavaScript','How do you call a function named \"myFunction\"?','call myFunction()','myFunction()','call function myFunction','Call.myFunction()','Option2'),(5,3,'JavaScript','How to write an IF statement in JavaScript?','if i == 5 then','if (i == 5)','if i = 5 then','if i = 5','Option2'),(6,3,'JavaScript','How to write an IF statement for executing some code if \"i\" is NOT equal to 5?','if (i <> 5)','if i <> 5','if (i != 5)','if i =! 5 then','Option3'),(7,3,'JavaScript','How does a WHILE loop start?','while i = 1 to 10','while (i <= 10)','while (i <= 10; i++)','while (i++ i <= 10)','Option2'),(8,3,'JavaScript','How does a FOR loop start?','for (i = 0; i <= 5)','for (i <= 5; i++)','for i = 1 to 5','for (i = 0; i <= 5; i++)','Option4'),(9,3,'JavaScript','How can you add a comment in a JavaScript?','<!--This is a comment-->','//This is a comment','/*This is a comment*/','**This is a comment**','Option2'),(10,3,'JavaScript','How to insert a comment that has more than one line?','<!--This comment has more than one line-->','//This comment has more than one line//','/*This comment has more than one line*/','**This comment has more than one line**','Option3'),(11,3,'JavaScript','What is the correct way to write a JavaScript array?','var colors = \"red\", \"green\", \"blue\"','var colors = [\"red\", \"green\", \"blue\"]','var colors = (1:\"red\", 2:\"green\", 3:\"blue\")','var colors = 1 = (\"red\"), 2 = (\"green\"), 3 = (\"blue\")','Option2'),(12,3,'JavaScript','How do you round the number 7.25 to the nearest integer?','Math.round(7.25)','Math.rnd(7.25)','round(7.25)','rnd(7.25)','Option1'),(13,3,'JavaScript','How do you find the number with the highest value of x and y?','Math.max(x, y)','Math.ceil(x, y)','top(x, y)','ceil(x, y)','Option1'),(14,3,'JavaScript','What is the correct JavaScript syntax for opening a new window called \"w2\" ?','w2 = window.new(\"http://www.w3schools.com\");','w2 = window.open(\"http://www.w3schools.com\");','w2 = window.create(\"http://www.w3schools.com\");','w2 = window.make(\"http://www.w3schools.com\");','Option2'),(15,3,'JavaScript','JavaScript is the same as Java.','True','False','Only in name','Only in syntax','Option2'),(16,3,'JavaScript','How can you detect the client\'s browser name?','navigator.appName','client.navName','browser.name','user.browser','Option1'),(17,3,'JavaScript','Which event occurs when the user clicks on an HTML element?','onchange','onclick','onmouseclick','onmouseover','Option2'),(18,3,'JavaScript','How do you declare a JavaScript variable?','var carName;','variable carName;','v carName;','carName = var;','Option1'),(19,3,'JavaScript','Which operator is used to assign a value to a variable?','=','-','*','/','Option1'),(20,3,'JavaScript','What will the following code return: Boolean(10 > 9)','NaN','False','True','Undefined','Option3'),(21,3,'JavaScript','Is JavaScript case-sensitive?','No','Yes','Only in specific contexts','Depends on the browser','Option2'),(22,3,'JavaScript','Which company developed JavaScript?','Netscape','Microsoft','Google','IBM','Option1'),(23,3,'JavaScript','How can you convert a string to an integer in JavaScript?','parseInt()','intParse()','Number()','Both A and C','Option4'),(24,3,'JavaScript','What will the code `console.log(typeof NaN)` print?','number','string','NaN','undefined','Option1'),(25,3,'JavaScript','What is the correct syntax for creating an object in JavaScript?','var person = \"name\":\"John\", \"age\":30','var person = {name: \"John\", age: 30}','var person = (name: \"John\", age: 30)','var person = [name: \"John\", age: 30]','Option2'),(26,3,'JavaScript','How do you create a new array in JavaScript?','var arr = array()','var arr = new Array()','var arr = Array.create()','var arr = []','Option4'),(27,3,'JavaScript','How do you remove the last element from an array in JavaScript?','arr.pop()','arr.remove()','arr.delete()','arr.shift()','Option1'),(28,3,'JavaScript','Which function is used to serialize an object into a JSON string in JavaScript?','JSON.stringify()','JSON.parse()','JSON.objectify()','JSON.serialize()','Option1'),(29,3,'JavaScript','What does the `map` method do in JavaScript?','Creates a new array with the results of calling a provided function on every element in the calling array','Maps all elements of the array to a single value','Creates a new object from the calling array','Creates a map data structure','Option1'),(30,3,'JavaScript','How do you check if an array includes a specific element?','arr.indexOf(element)','arr.find(element)','arr.includes(element)','arr.has(element)','Option3'),(31,3,'JavaScript','What will `console.log(\"Hello\" + \" \" + \"World\")` print?','\"HelloWorld\"','\"Hello World\"','\"Hello+World\"','\"Hello World\"','Option2'),(32,3,'JavaScript','Which method is used to add one or more elements to the end of an array and return the new length of the array?','push()','pop()','shift()','unshift()','Option1'),(33,3,'JavaScript','What is the purpose of the `isNaN` function?','Check if a value is a number','Check if a value is not a number','Check if a value is an array','Check if a value is null','Option2'),(34,3,'JavaScript','How do you write a single-line comment in JavaScript?','// This is a comment','<!-- This is a comment -->','** This is a comment **','/* This is a comment */','Option1'),(35,3,'JavaScript','What is the result of `2 + \"2\"` in JavaScript?','4','22','\"2\"','undefined','Option2'),(36,3,'JavaScript','How do you get the length of a string in JavaScript?','str.length','len(str)','str.size()','string.length(str)','Option1'),(37,3,'JavaScript','Which built-in method sorts the elements of an array?','sort()','order()','arrange()','orderBy()','Option1'),(38,3,'JavaScript','What is the correct syntax to log a message to the console in JavaScript?','print(\"Hello World\")','console.log(\"Hello World\")','log(\"Hello World\")','message(\"Hello World\")','Option2'),(39,3,'JavaScript','How can you add an element to the beginning of an array?','push()','unshift()','shift()','concat()','Option2'),(40,3,'JavaScript','Which of the following is used to search for specific data in a text','Matchers','RegEx','Object','Pattern','Option2');
/*!40000 ALTER TABLE `javascript` ENABLE KEYS */;
UNLOCK TABLES;

--
-- Table structure for table `mysql`
--

DROP TABLE IF EXISTS `mysql`;
/*!40101 SET @saved_cs_client     = @@character_set_client */;
/*!50503 SET character_set_client = utf8mb4 */;
CREATE TABLE `mysql` (
  `ID` int NOT NULL AUTO_INCREMENT,
  `course_id` int DEFAULT '5',
  `courseName` varchar(10) DEFAULT 'MySQL',
  `question` varchar(200) NOT NULL,
  `option1` varchar(100) NOT NULL,
  `option2` varchar(100) NOT NULL,
  `option3` varchar(100) NOT NULL,
  `option4` varchar(100) NOT NULL,
  `correct_answer` varchar(50) NOT NULL,
  PRIMARY KEY (`ID`)
) ENGINE=InnoDB AUTO_INCREMENT=41 DEFAULT CHARSET=utf8mb4 COLLATE=utf8mb4_0900_ai_ci;
/*!40101 SET character_set_client = @saved_cs_client */;

--
-- Dumping data for table `mysql`
--

LOCK TABLES `mysql` WRITE;
/*!40000 ALTER TABLE `mysql` DISABLE KEYS */;
INSERT INTO `mysql` VALUES (1,5,'MySQL','Which SQL statement is used to insert new data into a database?','INSERT','ADD','UPDATE','MODIFY','Option1'),(2,5,'MySQL','Which SQL statement is used to update data in a database?','MODIFY','SAVE','CHANGE','UPDATE','Option4'),(3,5,'MySQL','Which SQL statement is used to delete data from a database?','REMOVE','DELETE','ERASE','ERADICATE','Option2'),(4,5,'MySQL','Which SQL statement is used to retrieve data from a database?','SELECT','GET','OPEN','FETCH','Option1'),(5,5,'MySQL','Which SQL keyword is used to sort the result-set?','ORDER BY','SORT','GROUP BY','ARRANGE BY','Option1'),(6,5,'MySQL','Which SQL keyword is used to select unique values?','UNIQUE','DISTINCT','ONLY','SPECIAL','Option2'),(7,5,'MySQL','Which SQL keyword is used to join tables?','ATTACH','JOIN','MERGE','FUSE','Option2'),(8,5,'MySQL','Which SQL statement is used to return only distinct values?','DISTINCT','UNIQUE','ONLY','EXCLUSIVE','Option1'),(9,5,'MySQL','Which SQL statement is used to count the number of rows in a table?','COUNT','SUM','MAX','ROWCOUNT','Option1'),(10,5,'MySQL','Which SQL statement is used to make a table?','CREATE','MAKE','BUILD','DEVELOP','Option1'),(11,5,'MySQL','Which SQL statement is used to change a table?','CHANGE','ALTER','UPDATE','MODIFY','Option2'),(12,5,'MySQL','Which SQL statement is used to add a new column to a table?','ADD','APPEND','INSERT','INCLUDE','Option1'),(13,5,'MySQL','Which SQL function is used to count the number of rows in a table?','SUM','COUNT','TOTAL','ROWCOUNT','Option2'),(14,5,'MySQL','Which SQL operator is used to check if a value is in a list?','BETWEEN','AMONG','IN','INCLUDE','Option3'),(15,5,'MySQL','Which SQL operator is used to compare two values?','EQUAL','LIKE','SIMILAR','MATCH','Option2'),(16,5,'MySQL','Which SQL statement is used to create a view?','CREATE VIEW','VIEW','GENERATE VIEW','ADD VIEW','Option1'),(17,5,'MySQL','Which SQL statement is used to update the structure of a table?','ALTER TABLE','UPDATE TABLE','CHANGE TABLE','MODIFY TABLE','Option1'),(18,5,'MySQL','Which SQL statement is used to delete a view?','DELETE VIEW','DROP VIEW','ERASE VIEW','REMOVE VIEW','Option2'),(19,5,'MySQL','Which SQL statement is used to add a new row to a table?','ADD','INSTALL','APPLY','INPUT','Option1'),(20,5,'MySQL','Which SQL statement is used to modify a column in a table?','ALTER','MODIFY','UPDATE','CHANGE','Option1'),(21,5,'MySQL','Which SQL statement is used to delete a column in a table?','CREATE DATABASE','MAKE DATABASE','OPEN DATABASE','START DATABASE','Option1'),(22,5,'MySQL','Which SQL statement is used to create a database?','CREATE DATABASE','FINISH DATABASE','REMOVE DATABASE','DROP DATABASE','Option1'),(23,5,'MySQL','Which SQL statement is used to drop a database?','DROP TABLE','DELETE TABLE','ERASE TABLE','REMOVE TABLE','Option1'),(24,5,'MySQL','Which SQL statement is used to drop a table?','DROP TABLE','ADD','INSTALL','PUT','Option1'),(25,5,'MySQL','Which SQL statement is used to insert a new record into a table?','CHANGE','ALTER','UPDATE','MODIFY','Option3'),(26,5,'MySQL','Which SQL statement is used to update existing records in a table?','DELETE ALL','UPDATE','CLEAN ALL','ERASE ALL','Option2'),(27,5,'MySQL','Which SQL statement is used to delete all records in a table?','UPDATE','FETCH ALL','GET ALL','SELECT ALL','Option1'),(28,5,'MySQL','Which SQL statement is used to return all rows from a table?','GET COLUMNS','SHOW COLUMNS','SELECT','DISPLAY COLUMNS','Option3'),(29,5,'MySQL','Which SQL statement is used to return only specific columns from a table?','SELECT COLUMN_NAME FROM TABLE_NAME','SELECT * FROM TABLE_NAME','SELECT TABLE_NAME FROM COLUMN_NAME','SELECT DISTINCT COLUMN_NAME FROM TABLE_NAME','Option1'),(30,5,'MySQL','Which SQL statement is used to filter the result set?','PULL','COLLECT','WHERE','CLEAN','Option3'),(31,5,'MySQL','Which SQL statement is used to sort the result set in ascending order?','ORDER BY ASC','SORT BY ASC','GROUP BY ASC','ARRANGE BY ASC','Option1'),(32,5,'MySQL','Which SQL statement is used to sort the result set in descending order?','ORDER BY DESC','SORT BY DESC','GROUP BY DESC','ARRANGE BY DESC','Option1'),(33,5,'MySQL','Which SQL statement is used to count the number of rows in a table?','COUNT ROWS','SUM','COUNT','TOTAL','Option3'),(34,5,'MySQL','Which SQL statement is used to sum the values in a column?','ADD','INSTALL','SUM','PLUS','Option3'),(35,5,'MySQL','Which SQL statement is used to return the average value of a numeric column?','AVERAGE','AVG','MEDIAN','MEAN','Option2'),(36,5,'MySQL','Which SQL statement is used to return the maximum value of a numeric column?','HIGHEST','HIGH','MAX','UPPER','Option3'),(37,5,'MySQL','Which SQL statement is used to return the minimum value of a numeric column?','SMALLEST','LOWEST','MINIMUM','MIN','Option4'),(38,5,'MySQL','Which SQL statement is used to round a numeric field to the nearest integer?','ROUND','NEAREST','REACH','NEAR','Option1'),(39,5,'MySQL','Which SQL statement is used to remove a unique constraint from a table?','DROP','DELETE','ERASE','REMOVE','Option1'),(40,5,'MySQL','Which SQL statement is used to add a unique constraint to a table?','ADD','INSTALL','APPLY','INCLUDE','Option1');
/*!40000 ALTER TABLE `mysql` ENABLE KEYS */;
UNLOCK TABLES;

--
-- Table structure for table `python`
--

DROP TABLE IF EXISTS `python`;
/*!40101 SET @saved_cs_client     = @@character_set_client */;
/*!50503 SET character_set_client = utf8mb4 */;
CREATE TABLE `python` (
  `ID` int NOT NULL,
  `course_id` int DEFAULT '2',
  `courseName` varchar(10) DEFAULT 'Python',
  `question` varchar(200) NOT NULL,
  `option1` varchar(100) NOT NULL,
  `option2` varchar(100) NOT NULL,
  `option3` varchar(100) NOT NULL,
  `option4` varchar(100) NOT NULL,
  `correct_answer` varchar(100) NOT NULL,
  PRIMARY KEY (`ID`)
) ENGINE=InnoDB DEFAULT CHARSET=utf8mb4 COLLATE=utf8mb4_0900_ai_ci;
/*!40101 SET character_set_client = @saved_cs_client */;

--
-- Dumping data for table `python`
--

LOCK TABLES `python` WRITE;
/*!40000 ALTER TABLE `python` DISABLE KEYS */;
INSERT INTO `python` VALUES (190,2,'Python','What is the correct syntax to output the type of a variable or object in Python?','print(typeof(x))','print(typeOf(x))','print(type(x))','print(typeof x)','Option3'),(191,2,'Python','Which of the following methods can be used to convert a string to a list in Python?','split()','append()','copy()','len()','Option1'),(192,2,'Python','What is the output of print(bool(\"\"))?','True','False','None','Error','Option2'),(193,2,'Python','Which of the following functions can generate a sequence of numbers in Python?','range()','list()','tuple()','dict()','Option1'),(194,2,'Python','What is the correct way to handle exceptions in Python?','using try and catch','using try and except','using do and except','using try and error','Option2'),(195,2,'Python','Which of the following will give the length of a list my_list?','length(my_list)','len(my_list)','list.len(my_list)','my_list.length()','Option2'),(196,2,'Python','Which of the following is not a valid Python data type?','Set','List','Integer','Fraction','Option2'),(197,2,'Python','Which method can be used to return a string in upper case letters?','upper()','uppercase()','toUpperCase()','to_upper()','Option1'),(198,2,'Python','What is the output of print(\"Hello\" * 3)?','HelloHelloHello','Hello3','3Hello','Error','Option1'),(199,2,'Python','Which of the following is a built-in function in Python?','sqrt()','print()','sum()','mean()','Option2'),(200,2,'Python','Which method is used to add an item to the end of a list?','add()','append()','insert()','extend()','Option2'),(201,2,'Python','Which of the following is a correct way to declare a variable in Python?','variable x = 10','int x = 10','x = 10','let x = 10','Option3'),(202,2,'Python','Which function is used to get the ASCII value of a character in Python?','ascii()','ord()','char()','chr()','Option2'),(203,2,'Python','Which method can be used to remove any whitespace from both the beginning and the end of a string?','strip()','trim()','remove()','delete()','Option1'),(204,2,'Python','Which of the following is not a keyword in Python?','pass','continue','break','exit','Option4'),(205,2,'Python','Which of the following is used to create an instance of a class in Python?','new','init','self','str','Option2'),(206,2,'Python','Which of the following functions is used to read a line of input from the user in Python?','read()','input()','readline()','gets()','Option1'),(207,2,'Python','Which of the following is not a core data type in Python?','Lists','Dictionary','Tuples','Class','Option4'),(208,2,'Python','Which function is used to open a file in Python?','openfile()','fileopen()','fopen()','open()','Option4'),(209,2,'Python','Which of the following methods can be used to convert a list to a set?','convert()','list()','set()','dict()','Option3'),(210,2,'Python','How do you create a set in Python?','mySet = [1, 2, 3]','mySet = {1, 2, 3}','mySet = (1, 2, 3)','mySet = <1, 2, 3>','Option3'),(211,2,'Python','Which operator is used to compare two values in Python?','=','==','===','=>','Option2'),(212,2,'Python','Which of the following is used to create a class in Python?','class myClass:','create myClass:','define myClass:','new myClass:','Option1'),(213,2,'Python','Which method is called when an object is created in Python?','__init__()','__start__()','__create__()','__new__()','Option1'),(214,2,'Python','How do you import a specific function from a module in Python?','import module.function','from module import function','include module.function','using module.function','Option2'),(215,2,'Python','How do you handle exceptions in Python?','try-except','try-catch','catch-try','handle-catch','Option1'),(216,2,'Python','How do you check if an element exists in a list?','if element in list:','if list.has(element):','if element is in list:','if list.contains(element):','Option1'),(217,2,'Python','How do you remove an element from a list in Python?','list.delete(element)','list.remove(element)','list.pop(element)','list.drop(element)','Option2'),(218,2,'Python','How do you append an element to a list in Python?','list.add(element)','list.push(element)','list.append(element)','list.insert(element)','Option3'),(219,2,'Python','Which of the following is a mutable data type in Python?','tuple','list','set','int','Option2'),(220,2,'Python','Which of the following is an immutable data type in Python?','list','set','dict','tuple','Option4'),(221,2,'Python','Which method is used to create a lambda function in Python','lambda','def','func','define','Option1'),(222,2,'Python','Which method is used to create a lambda function in Python','lambda','def','func','define','Option1'),(223,2,'Python','How do you open a file for reading in Python?','open(\'file.txt\', \'r\')','open(\'file.txt\', \'w\')','open(\'file.txt\')','open(\'file.txt\', \'read\')','Option1'),(224,2,'Python','How do you read a line from a file in Python?','file.readLine()','file.readline()','file.getLine()','file.getline()','Option2'),(225,2,'Python','How do you check if a string starts with a specific substring?','str.beginsWith(\'sub\')','str.startWith(\'sub\')','str.startswith(\'sub\')','str.beginswith(\'sub\')','Option3'),(226,2,'Python','Which function is used to get the largest integer less than or equal to a number?','ceil(num)','floor(num)','roundDown(num)','truncate(num)','Option2'),(227,2,'Python','Which method is used to add an element at a specific position in a list?','list.insert(index, element)','list.add(index, element)','list.append(index, element)','list.push(index, element)','Option1'),(228,2,'Python','Which method can be used to convert a string to uppercase?','toUpperCase()','upper()','toupper()','convert_upper()','Option2'),(229,2,'Python','Which of the following is a valid variable name in Python?','1variable','variable1','variable-1','variable!','Option2'),(230,2,'Python','Which of the following is a statement seperator in Python?','Colon','Backslash','Semicolon','Forward slash','Option3');
/*!40000 ALTER TABLE `python` ENABLE KEYS */;
UNLOCK TABLES;

--
-- Table structure for table `student`
--

DROP TABLE IF EXISTS `student`;
/*!40101 SET @saved_cs_client     = @@character_set_client */;
/*!50503 SET character_set_client = utf8mb4 */;
CREATE TABLE `student` (
  `id` int NOT NULL AUTO_INCREMENT,
  `fullname` varchar(25) NOT NULL,
  `contact` varchar(11) NOT NULL,
  `address` text NOT NULL,
  `password` varchar(8) NOT NULL,
  `profile_image` varchar(255) NOT NULL,
  PRIMARY KEY (`id`)
) ENGINE=InnoDB AUTO_INCREMENT=2 DEFAULT CHARSET=utf8mb4 COLLATE=utf8mb4_0900_ai_ci;
/*!40101 SET character_set_client = @saved_cs_client */;

--
-- Dumping data for table `student`
--

LOCK TABLES `student` WRITE;
/*!40000 ALTER TABLE `student` DISABLE KEYS */;
INSERT INTO `student` VALUES (1,'Aseef Khan','7498185184','Jogeshwari West','12345678','profilePic.jpg');
/*!40000 ALTER TABLE `student` ENABLE KEYS */;
UNLOCK TABLES;

--
-- Table structure for table `student_answer`
--

DROP TABLE IF EXISTS `student_answer`;
/*!40101 SET @saved_cs_client     = @@character_set_client */;
/*!50503 SET character_set_client = utf8mb4 */;
CREATE TABLE `student_answer` (
  `id` int NOT NULL AUTO_INCREMENT,
  `course_no` int NOT NULL,
  `marks` varchar(100) NOT NULL,
  PRIMARY KEY (`id`)
) ENGINE=InnoDB DEFAULT CHARSET=utf8mb4 COLLATE=utf8mb4_0900_ai_ci;
/*!40101 SET character_set_client = @saved_cs_client */;

--
-- Dumping data for table `student_answer`
--

LOCK TABLES `student_answer` WRITE;
/*!40000 ALTER TABLE `student_answer` DISABLE KEYS */;
/*!40000 ALTER TABLE `student_answer` ENABLE KEYS */;
UNLOCK TABLES;
/*!40103 SET TIME_ZONE=@OLD_TIME_ZONE */;

/*!40101 SET SQL_MODE=@OLD_SQL_MODE */;
/*!40014 SET FOREIGN_KEY_CHECKS=@OLD_FOREIGN_KEY_CHECKS */;
/*!40014 SET UNIQUE_CHECKS=@OLD_UNIQUE_CHECKS */;
/*!40101 SET CHARACTER_SET_CLIENT=@OLD_CHARACTER_SET_CLIENT */;
/*!40101 SET CHARACTER_SET_RESULTS=@OLD_CHARACTER_SET_RESULTS */;
/*!40101 SET COLLATION_CONNECTION=@OLD_COLLATION_CONNECTION */;
/*!40111 SET SQL_NOTES=@OLD_SQL_NOTES */;

-- Dump completed on 2024-07-16 10:49:27
